,Value,Gain/Loss,Amount Invested,percentGain
AAPL,292.44000244140625,2.0,12.0,20.0
AAPL,292.30499267578125,1.994460001456796,11.994460001456796,19.94
AAPL,292.30499267578125,1.595660001456796,9.994460001456796,19.94
AAPL,291.6300048828125,2.0,12.0,20.0
AAPL,291.69000244140625,2.0,10.0,25.0
MSFT,411.1300048828125,20.0,100.0,25.0
META,600.1599731445312,25.0,50.0,100.0
TSLA,445.2699890136719,20.0,60.0,50.0
BBY,55.52000045776367,4.0,90.0,4.65
AAPL,310.8500061035156,2.0,12.0,20.0
MSFT,412.6700134277344,25.0,50.0,100.0
MSFT,412.6700134277344,-2.5994392447068204,13.38056075529318,-16.27
VOO,689.9600219726562,207.97912115614983,1097.97912115615,23.37
VXUS,85.8499984741211,14.801636728123528,114.80163672812353,14.8
XLK,184.42999267578125,180.70326906939687,575.7132690693969,45.75
MSFT,385.1000061035156,-3.493379065924744,12.486620934075257,-21.86
VOO,693.8599853515625,214.18539141376536,1104.1853914137655,24.07
VXUS,85.33999633789062,14.11964393820232,114.11964393820232,14.12
XLK,185.77999877929688,184.91742326331328,579.9274232633134,46.81
MSFT,527.2849731445312,1.1168773813003243,17.096877381300324,6.99
VOO,713.6890258789062,245.74065809332583,1135.740658093326,27.61
VXUS,84.82499694824219,13.430968645290726,113.43096864529072,13.43
XLK,200.94000244140625,232.24061154082995,627.25061154083,58.79
